State,SA3_Code,SA3_Name,Age Group,% Fully
VIC,20101,Ballarat,1 Year olds,94.0814757878555
VIC,20102,Creswick - Daylesford - Ballan,1 Year olds,90.73359073359073
VIC,20103,Maryborough - Pyrenees,1 Year olds,93.45794392523365
VIC,20201,Bendigo,1 Year olds,95.53119730185497
VIC,20202,Heathcote - Castlemaine - Kyneton,1 Year olds,92.54498714652956
VIC,20203,Loddon - Elmore,1 Year olds,91.39784946236558
VIC,20301,Barwon - West,1 Year olds,93.64548494983278
VIC,20302,Geelong,1 Year olds,93.98805078416729
VIC,20303,Surf Coast - Bellarine Peninsula,1 Year olds,93.34763948497854
VIC,20401,Upper Goulburn Valley,1 Year olds,89.16967509025271
VIC,20402,Wangaratta - Benalla,1 Year olds,91.97080291970804
VIC,20403,Wodonga - Alpine,1 Year olds,92.20945083014048
VIC,20501,Baw Baw,1 Year olds,88.11748998664886
VIC,20502,Gippsland - East,1 Year olds,93.03482587064677
VIC,20503,Gippsland - South West,1 Year olds,90.28662420382165
VIC,20504,Latrobe Valley,1 Year olds,90.38004750593825
VIC,20505,Wellington,1 Year olds,89.95327102803739
VIC,20601,Brunswick - Coburg,1 Year olds,94.02628434886499
VIC,20602,Darebin - South,1 Year olds,95.42743538767395
VIC,20603,Essendon,1 Year olds,93.9443535188216
VIC,20604,Melbourne City,1 Year olds,91.12207151664612
VIC,20605,Port Phillip,1 Year olds,92.14463840399002
VIC,20606,Stonnington - West,1 Year olds,94.77272727272728
VIC,20607,Yarra,1 Year olds,93.7037037037037
VIC,20701,Boroondara,1 Year olds,95.00446030330062
VIC,20702,Manningham - West,1 Year olds,93.57429718875501
VIC,20703,Whitehorse - West,1 Year olds,95.45454545454545
VIC,20801,Bayside,1 Year olds,92.01101928374655
VIC,20802,Glen Eira,1 Year olds,94.51219512195121
VIC,20803,Kingston,1 Year olds,93.39242546333601
VIC,20804,Stonnington - East,1 Year olds,95.46925566343042
VIC,20901,Banyule,1 Year olds,93.35740072202167
VIC,20902,Darebin - North,1 Year olds,91.98782961460446
VIC,20903,Nillumbik - Kinglake,1 Year olds,92.26973684210526
VIC,20904,Whittlesea - Wallan,1 Year olds,91.70182841068917
VIC,21001,Keilor,1 Year olds,88.77887788778878
VIC,21002,Macedon Ranges,1 Year olds,92.507204610951
VIC,21003,Moreland - North,1 Year olds,89.58534233365476
VIC,21004,Sunbury,1 Year olds,92.71137026239067
VIC,21005,Tullamarine - Broadmeadows,1 Year olds,88.42975206611571
VIC,21101,Knox,1 Year olds,94.47938504542279
VIC,21102,Manningham - East,1 Year olds,89.94708994708994
VIC,21103,Maroondah,1 Year olds,94.84873262469338
VIC,21104,Whitehorse - East,1 Year olds,94.9685534591195
VIC,21105,Yarra Ranges,1 Year olds,91.57769869513642
VIC,21201,Cardinia,1 Year olds,91.66666666666666
VIC,21202,Casey - North,1 Year olds,91.1498708010336
VIC,21203,Casey - South,1 Year olds,93.47533027770288
VIC,21204,Dandenong,1 Year olds,91.99594731509625
VIC,21205,Monash,1 Year olds,94.22632794457274
VIC,21301,Brimbank,1 Year olds,90.97297297297298
VIC,21302,Hobsons Bay,1 Year olds,93.53813559322035
VIC,21303,Maribyrnong,1 Year olds,93.57512953367876
VIC,21304,Melton - Bacchus Marsh,1 Year olds,91.78189407774589
VIC,21305,Wyndham,1 Year olds,92.32397075798384
VIC,21401,Frankston,1 Year olds,93.55029585798816
VIC,21402,Mornington Peninsula,1 Year olds,88.81889763779527
VIC,21501,Grampians,1 Year olds,95.81151832460732
VIC,21502,Mildura,1 Year olds,93.96284829721363
VIC,21503,Murray River - Swan Hill,1 Year olds,94.03341288782816
VIC,21601,Campaspe,1 Year olds,94.9602122015915
VIC,21602,Moira,1 Year olds,94.4055944055944
VIC,21603,Shepparton,1 Year olds,92.19512195121952
VIC,21701,Glenelg - Southern Grampians,1 Year olds,94.19795221843003
VIC,21702,Warrnambool - Otway Ranges,1 Year olds,
VIC,21703,Colac - Corangamite,1 Year olds,91.62011173184358
VIC,21704,Warrnambool,1 Year olds,94.49378330373001
VIC,20101,Ballarat,2 Year olds,93.50073855243723
VIC,20102,Creswick - Daylesford - Ballan,2 Year olds,90.34749034749035
VIC,20103,Maryborough - Pyrenees,2 Year olds,92.03539823008849
VIC,20201,Bendigo,2 Year olds,93.76479873717443
VIC,20202,Heathcote - Castlemaine - Kyneton,2 Year olds,90.35087719298247
VIC,20203,Loddon - Elmore,2 Year olds,
VIC,20301,Barwon - West,2 Year olds,90.9967845659164
VIC,20302,Geelong,2 Year olds,91.98060425214473
VIC,20303,Surf Coast - Bellarine Peninsula,2 Year olds,90.0386847195358
VIC,20401,Upper Goulburn Valley,2 Year olds,92.40069084628671
VIC,20402,Wangaratta - Benalla,2 Year olds,91.02564102564102
VIC,20403,Wodonga - Alpine,2 Year olds,92.046783625731
VIC,20501,Baw Baw,2 Year olds,86.5979381443299
VIC,20502,Gippsland - East,2 Year olds,92.5754060324826
VIC,20503,Gippsland - South West,2 Year olds,89.6875
VIC,20504,Latrobe Valley,2 Year olds,89.84018264840182
VIC,20505,Wellington,2 Year olds,90.56603773584906
VIC,20601,Brunswick - Coburg,2 Year olds,92.0099875156055
VIC,20602,Darebin - South,2 Year olds,92.47967479674797
VIC,20603,Essendon,2 Year olds,92.35772357723577
VIC,20604,Melbourne City,2 Year olds,88.35616438356165
VIC,20605,Port Phillip,2 Year olds,92.13793103448276
VIC,20606,Stonnington - West,2 Year olds,87.52834467120182
VIC,20607,Yarra,2 Year olds,91.0904255319149
VIC,20701,Boroondara,2 Year olds,90.74702886247877
VIC,20702,Manningham - West,2 Year olds,90.36144578313254
VIC,20703,Whitehorse - West,2 Year olds,92.20125786163523
VIC,20801,Bayside,2 Year olds,89.87854251012146
VIC,20802,Glen Eira,2 Year olds,91.93205944798302
VIC,20803,Kingston,2 Year olds,92.95081967213115
VIC,20804,Stonnington - East,2 Year olds,91.96428571428571
VIC,20901,Banyule,2 Year olds,91.13263785394933
VIC,20902,Darebin - North,2 Year olds,88.93617021276596
VIC,20903,Nillumbik - Kinglake,2 Year olds,88.61386138613861
VIC,20904,Whittlesea - Wallan,2 Year olds,90.14989293361884
VIC,21001,Keilor,2 Year olds,89.0652557319224
VIC,21002,Macedon Ranges,2 Year olds,87.26415094339622
VIC,21003,Moreland - North,2 Year olds,87.99266727772685
VIC,21004,Sunbury,2 Year olds,90.53497942386831
VIC,21005,Tullamarine - Broadmeadows,2 Year olds,87.6699629171817
VIC,21101,Knox,2 Year olds,93.55670103092784
VIC,21102,Manningham - East,2 Year olds,87.03703703703704
VIC,21103,Maroondah,2 Year olds,93.10071371927042
VIC,21104,Whitehorse - East,2 Year olds,91.73553719008265
VIC,21105,Yarra Ranges,2 Year olds,90.78735940010712
VIC,21201,Cardinia,2 Year olds,90.95831077422848
VIC,21202,Casey - North,2 Year olds,87.66355140186916
VIC,21203,Casey - South,2 Year olds,91.31089904570567
VIC,21204,Dandenong,2 Year olds,88.36382113821138
VIC,21205,Monash,2 Year olds,90.8695652173913
VIC,21301,Brimbank,2 Year olds,87.66756032171583
VIC,21302,Hobsons Bay,2 Year olds,90.1296111665005
VIC,21303,Maribyrnong,2 Year olds,91.20762711864407
VIC,21304,Melton - Bacchus Marsh,2 Year olds,89.73704365585907
VIC,21305,Wyndham,2 Year olds,90.32258064516128
VIC,21401,Frankston,2 Year olds,92.52013808975835
VIC,21402,Mornington Peninsula,2 Year olds,89.04515173945225
VIC,21501,Grampians,2 Year olds,90.26086956521739
VIC,21502,Mildura,2 Year olds,93.2824427480916
VIC,21503,Murray River - Swan Hill,2 Year olds,90.54373522458629
VIC,21601,Campaspe,2 Year olds,91.62011173184358
VIC,21602,Moira,2 Year olds,94.95268138801262
VIC,21603,Shepparton,2 Year olds,87.83783783783784
VIC,21701,Glenelg - Southern Grampians,2 Year olds,90.02932551319648
VIC,21702,Warrnambool - Otway Ranges,2 Year olds,
VIC,21703,Colac - Corangamite,2 Year olds,87.66066838046272
VIC,21704,Warrnambool,2 Year olds,92.226148409894
VIC,20101,Ballarat,5 Year olds,95.80071174377224
VIC,20102,Creswick - Daylesford - Ballan,5 Year olds,93.28358208955224
VIC,20103,Maryborough - Pyrenees,5 Year olds,94.0677966101695
VIC,20201,Bendigo,5 Year olds,96.34809634809635
VIC,20202,Heathcote - Castlemaine - Kyneton,5 Year olds,94.36619718309859
VIC,20203,Loddon - Elmore,5 Year olds,95.1923076923077
VIC,20301,Barwon - West,5 Year olds,93.7125748502994
VIC,20302,Geelong,5 Year olds,95.85338763420955
VIC,20303,Surf Coast - Bellarine Peninsula,5 Year olds,93.93939393939394
VIC,20401,Upper Goulburn Valley,5 Year olds,95.01779359430606
VIC,20402,Wangaratta - Benalla,5 Year olds,93.6127744510978
VIC,20403,Wodonga - Alpine,5 Year olds,96.37599093997736
VIC,20501,Baw Baw,5 Year olds,93.54838709677419
VIC,20502,Gippsland - East,5 Year olds,91.94915254237289
VIC,20503,Gippsland - South West,5 Year olds,94.74497681607419
VIC,20504,Latrobe Valley,5 Year olds,95.02762430939227
VIC,20505,Wellington,5 Year olds,94.61206896551724
VIC,20601,Brunswick - Coburg,5 Year olds,94.3538268506901
VIC,20602,Darebin - South,5 Year olds,95.35353535353536
VIC,20603,Essendon,5 Year olds,95.47581903276131
VIC,20604,Melbourne City,5 Year olds,89.29016189290162
VIC,20605,Port Phillip,5 Year olds,92.25543478260869
VIC,20606,Stonnington - West,5 Year olds,90.633608815427
VIC,20607,Yarra,5 Year olds,92.89099526066352
VIC,20701,Boroondara,5 Year olds,93.10344827586206
VIC,20702,Manningham - West,5 Year olds,93.86385426653882
VIC,20703,Whitehorse - West,5 Year olds,95.81993569131832
VIC,20801,Bayside,5 Year olds,93.4640522875817
VIC,20802,Glen Eira,5 Year olds,93.24894514767934
VIC,20803,Kingston,5 Year olds,94.44444444444444
VIC,20804,Stonnington - East,5 Year olds,95.81005586592178
VIC,20901,Banyule,5 Year olds,95.24475524475524
VIC,20902,Darebin - North,5 Year olds,93.05263157894737
VIC,20903,Nillumbik - Kinglake,5 Year olds,92.91784702549575
VIC,20904,Whittlesea - Wallan,5 Year olds,94.5777111444278
VIC,21001,Keilor,5 Year olds,94.79166666666666
VIC,21002,Macedon Ranges,5 Year olds,93.84615384615384
VIC,21003,Moreland - North,5 Year olds,92.72727272727272
VIC,21004,Sunbury,5 Year olds,95.37480063795853
VIC,21005,Tullamarine - Broadmeadows,5 Year olds,93.25205557130705
VIC,21101,Knox,5 Year olds,95.38274605103281
VIC,21102,Manningham - East,5 Year olds,94.6058091286307
VIC,21103,Maroondah,5 Year olds,96.02356406480118
VIC,21104,Whitehorse - East,5 Year olds,96.7455621301775
VIC,21105,Yarra Ranges,5 Year olds,94.74243228890069
VIC,21201,Cardinia,5 Year olds,94.92250133618386
VIC,21202,Casey - North,5 Year olds,93.18313113807048
VIC,21203,Casey - South,5 Year olds,95.17931998136935
VIC,21204,Dandenong,5 Year olds,91.98717948717949
VIC,21205,Monash,5 Year olds,94.02810304449649
VIC,21301,Brimbank,5 Year olds,93.96809571286141
VIC,21302,Hobsons Bay,5 Year olds,94.26456984273821
VIC,21303,Maribyrnong,5 Year olds,93.87527839643653
VIC,21304,Melton - Bacchus Marsh,5 Year olds,95.57224236147074
VIC,21305,Wyndham,5 Year olds,94.83267716535433
VIC,21401,Frankston,5 Year olds,95.19502543810063
VIC,21402,Mornington Peninsula,5 Year olds,94.19113054341037
VIC,21501,Grampians,5 Year olds,92.5632911392405
VIC,21502,Mildura,5 Year olds,94.81481481481482
VIC,21503,Murray River - Swan Hill,5 Year olds,94.79905437352247
VIC,21601,Campaspe,5 Year olds,94.84029484029483
VIC,21602,Moira,5 Year olds,94.47674418604652
VIC,21603,Shepparton,5 Year olds,94.72450175849941
VIC,21701,Glenelg - Southern Grampians,5 Year olds,94.22572178477691
VIC,21702,Warrnambool - Otway Ranges,5 Year olds,
VIC,21703,Colac - Corangamite,5 Year olds,91.93154034229829
VIC,21704,Warrnambool,5 Year olds,96.17391304347827
NSW,10101,Goulburn - Yass,1 Year olds,
NSW,10102,Queanbeyan,1 Year olds,94.66975666280418
NSW,10103,Snowy Mountains,1 Year olds,90.4494382022472
NSW,10104,South Coast,1 Year olds,89.02229845626071
NSW,10105,Goulburn - Mulwaree,1 Year olds,91.9047619047619
NSW,10106,Young - Yass,1 Year olds,94.35294117647058
NSW,10201,Gosford,1 Year olds,92.60115606936417
NSW,10202,Wyong,1 Year olds,92.77546777546777
NSW,10301,Bathurst,1 Year olds,94.65776293823038
NSW,10302,Lachlan Valley,1 Year olds,94.1732283464567
NSW,10303,Lithgow - Mudgee,1 Year olds,94.5010183299389
NSW,10304,Orange,1 Year olds,95.61752988047809
NSW,10401,Clarence Valley,1 Year olds,89.8989898989899
NSW,10402,Coffs Harbour,1 Year olds,87.9957127545552
NSW,10501,Bourke - Cobar - Coonamble,1 Year olds,93.75
NSW,10502,Broken Hill and Far West,1 Year olds,95.70815450643777
NSW,10503,Dubbo,1 Year olds,94.5010183299389
NSW,10601,Lower Hunter,1 Year olds,92.58426966292134
NSW,10602,Maitland,1 Year olds,94.72
NSW,10603,Port Stephens,1 Year olds,90.1081916537867
NSW,10604,Upper Hunter,1 Year olds,95.54896142433235
NSW,10701,Dapto - Port Kembla,1 Year olds,92.02020202020202
NSW,10702,Illawarra Catchment Reserve,1 Year olds,
NSW,10703,Kiama - Shellharbour,1 Year olds,92.72727272727272
NSW,10704,Wollongong,1 Year olds,93.61867704280155
NSW,10801,Great Lakes,1 Year olds,87.90697674418605
NSW,10802,Kempsey - Nambucca,1 Year olds,85.4251012145749
NSW,10803,Lord Howe Island,1 Year olds,
NSW,10804,Port Macquarie,1 Year olds,91.10275689223057
NSW,10805,Taree - Gloucester,1 Year olds,90.68901303538175
NSW,10901,Albury,1 Year olds,90.51094890510949
NSW,10902,Lower Murray,1 Year olds,93.79310344827586
NSW,10903,Upper Murray exc. Albury,1 Year olds,94.6969696969697
NSW,11001,Armidale,1 Year olds,91.46666666666667
NSW,11002,Inverell - Tenterfield,1 Year olds,89.32038834951457
NSW,11003,Moree - Narrabri,1 Year olds,94.25981873111783
NSW,11004,Tamworth - Gunnedah,1 Year olds,94.39696106362773
NSW,11101,Lake Macquarie - East,1 Year olds,92.58675078864354
NSW,11102,Lake Macquarie - West,1 Year olds,91.76470588235294
NSW,11103,Newcastle,1 Year olds,94.25965665236052
NSW,11201,Richmond Valley - Coastal,1 Year olds,73.90745501285348
NSW,11202,Richmond Valley - Hinterland,1 Year olds,86.63028649386084
NSW,11203,Tweed Valley,1 Year olds,81.31256952169078
NSW,11301,Griffith - Murrumbidgee (West),1 Year olds,90.80824088748018
NSW,11302,Tumut - Tumbarumba,1 Year olds,92.85714285714286
NSW,11303,Wagga Wagga,1 Year olds,92.99416180150125
NSW,11401,Shoalhaven,1 Year olds,92.57473481195757
NSW,11402,Southern Highlands,1 Year olds,91.54639175257732
NSW,11501,Baulkham Hills,1 Year olds,93.79652605459057
NSW,11502,Dural - Wisemans Ferry,1 Year olds,86.17511520737328
NSW,11503,Hawkesbury,1 Year olds,91.92307692307692
NSW,11504,Rouse Hill - McGraths Hill,1 Year olds,94.94949494949495
NSW,11601,Blacktown,1 Year olds,93.5265104808878
NSW,11602,Blacktown - North,1 Year olds,95.17241379310344
NSW,11603,Mount Druitt,1 Year olds,90.1948460087995
NSW,11701,Botany,1 Year olds,92.08103130755065
NSW,11702,Marrickville - Sydenham - Petersham,1 Year olds,96.76840215439856
NSW,11703,Sydney Inner City,1 Year olds,94.2079553384508
NSW,11801,Eastern Suburbs - North,1 Year olds,92.23706176961602
NSW,11802,Eastern Suburbs - South,1 Year olds,92.77389277389277
NSW,11901,Bankstown,1 Year olds,84.81526593585059
NSW,11902,Canterbury,1 Year olds,88.75502008032129
NSW,11903,Hurstville,1 Year olds,91.22315592903828
NSW,11904,Kogarah - Rockdale,1 Year olds,90.82568807339449
NSW,12001,Canada Bay,1 Year olds,93.60100376411543
NSW,12002,Leichhardt,1 Year olds,95.24590163934427
NSW,12003,Strathfield - Burwood - Ashfield,1 Year olds,92.32613908872902
NSW,12101,Chatswood - Lane Cove,1 Year olds,94.80901077375123
NSW,12102,Hornsby,1 Year olds,94.88636363636364
NSW,12103,Ku-ring-gai,1 Year olds,93.44729344729345
NSW,12104,North Sydney - Mosman,1 Year olds,95.15072083879423
NSW,12201,Manly,1 Year olds,91.87192118226602
NSW,12202,Pittwater,1 Year olds,92.64705882352942
NSW,12203,Warringah,1 Year olds,93.84303112313937
NSW,12301,Camden,1 Year olds,91.56976744186046
NSW,12302,Campbelltown (NSW),1 Year olds,89.80839788014676
NSW,12303,Wollondilly,1 Year olds,92.21140472878999
NSW,12401,Blue Mountains,1 Year olds,90.71537290715372
NSW,12403,Penrith,1 Year olds,92.74977895667551
NSW,12404,Richmond - Windsor,1 Year olds,94.39252336448598
NSW,12405,St Marys,1 Year olds,89.8428053204353
NSW,12501,Auburn,1 Year olds,89.7716894977169
NSW,12502,Carlingford,1 Year olds,93.12865497076024
NSW,12503,Merrylands - Guildford,1 Year olds,85.08695652173913
NSW,12504,Parramatta,1 Year olds,92.12934716290421
NSW,12601,Pennant Hills - Epping,1 Year olds,97.25274725274726
NSW,12602,Ryde - Hunters Hill,1 Year olds,95.66227730441518
NSW,12701,Bringelly - Green Valley,1 Year olds,89.63210702341136
NSW,12702,Fairfield,1 Year olds,89.51747088186356
NSW,12703,Liverpool,1 Year olds,87.78205833791965
NSW,12801,Cronulla - Miranda - Caringbah,1 Year olds,93.58669833729216
NSW,12802,Sutherland - Menai - Heathcote,1 Year olds,93.88083735909822
NSW,90104,Norfolk Island,1 Year olds,
NSW,10101,Goulburn - Yass,2 Year olds,
NSW,10102,Queanbeyan,2 Year olds,93.03370786516854
NSW,10103,Snowy Mountains,2 Year olds,89.52879581151832
NSW,10104,South Coast,2 Year olds,85.44303797468355
NSW,10105,Goulburn - Mulwaree,2 Year olds,91.57894736842105
NSW,10106,Young - Yass,2 Year olds,91.87817258883248
NSW,10201,Gosford,2 Year olds,90.82823790994998
NSW,10202,Wyong,2 Year olds,91.64149043303121
NSW,10301,Bathurst,2 Year olds,93.89179755671903
NSW,10302,Lachlan Valley,2 Year olds,92.59818731117825
NSW,10303,Lithgow - Mudgee,2 Year olds,91.9921875
NSW,10304,Orange,2 Year olds,93.06803594351733
NSW,10401,Clarence Valley,2 Year olds,86.93284936479128
NSW,10402,Coffs Harbour,2 Year olds,86.87430478309233
NSW,10501,Bourke - Cobar - Coonamble,2 Year olds,88.12154696132598
NSW,10502,Broken Hill and Far West,2 Year olds,92.7927927927928
NSW,10503,Dubbo,2 Year olds,91.96865817825662
NSW,10601,Lower Hunter,2 Year olds,92.91217257318952
NSW,10602,Maitland,2 Year olds,94.97784342688331
NSW,10603,Port Stephens,2 Year olds,90.44222539229672
NSW,10604,Upper Hunter,2 Year olds,91.17647058823529
NSW,10701,Dapto - Port Kembla,2 Year olds,90.73120494335737
NSW,10702,Illawarra Catchment Reserve,2 Year olds,
NSW,10703,Kiama - Shellharbour,2 Year olds,91.94078947368422
NSW,10704,Wollongong,2 Year olds,90.14626635873749
NSW,10801,Great Lakes,2 Year olds,86.37992831541219
NSW,10802,Kempsey - Nambucca,2 Year olds,86.29629629629629
NSW,10803,Lord Howe Island,2 Year olds,
NSW,10804,Port Macquarie,2 Year olds,89.65053763440861
NSW,10805,Taree - Gloucester,2 Year olds,88.99253731343283
NSW,10901,Albury,2 Year olds,87.92884371029224
NSW,10902,Lower Murray,2 Year olds,89.36170212765957
NSW,10903,Upper Murray exc. Albury,2 Year olds,95.1276102088167
NSW,11001,Armidale,2 Year olds,89.84547461368653
NSW,11002,Inverell - Tenterfield,2 Year olds,90.64039408866995
NSW,11003,Moree - Narrabri,2 Year olds,92.71137026239067
NSW,11004,Tamworth - Gunnedah,2 Year olds,92.619926199262
NSW,11101,Lake Macquarie - East,2 Year olds,91.73492181682799
NSW,11102,Lake Macquarie - West,2 Year olds,93.06122448979592
NSW,11103,Newcastle,2 Year olds,92.8646934460888
NSW,11201,Richmond Valley - Coastal,2 Year olds,73.05236270753512
NSW,11202,Richmond Valley - Hinterland,2 Year olds,85.85298196948682
NSW,11203,Tweed Valley,2 Year olds,81.03813559322035
NSW,11301,Griffith - Murrumbidgee (West),2 Year olds,90.98228663446055
NSW,11302,Tumut - Tumbarumba,2 Year olds,85.71428571428571
NSW,11303,Wagga Wagga,2 Year olds,91.1993769470405
NSW,11401,Shoalhaven,2 Year olds,87.92134831460675
NSW,11402,Southern Highlands,2 Year olds,87.4
NSW,11501,Baulkham Hills,2 Year olds,91.6798732171157
NSW,11502,Dural - Wisemans Ferry,2 Year olds,77.63157894736842
NSW,11503,Hawkesbury,2 Year olds,90.37800687285224
NSW,11504,Rouse Hill - McGraths Hill,2 Year olds,94.6268656716418
NSW,11601,Blacktown,2 Year olds,89.14155770324048
NSW,11602,Blacktown - North,2 Year olds,94.32314410480349
NSW,11603,Mount Druitt,2 Year olds,87.36654804270462
NSW,11701,Botany,2 Year olds,91.08061749571183
NSW,11702,Marrickville - Sydenham - Petersham,2 Year olds,96.37826961770624
NSW,11703,Sydney Inner City,2 Year olds,90.79798705966931
NSW,11801,Eastern Suburbs - North,2 Year olds,89.81399468556245
NSW,11802,Eastern Suburbs - South,2 Year olds,89.52095808383234
NSW,11901,Bankstown,2 Year olds,82.88518992744345
NSW,11902,Canterbury,2 Year olds,86.23853211009175
NSW,11903,Hurstville,2 Year olds,89.90081154192967
NSW,11904,Kogarah - Rockdale,2 Year olds,87.70949720670392
NSW,12001,Canada Bay,2 Year olds,90.88607594936708
NSW,12002,Leichhardt,2 Year olds,92.72727272727272
NSW,12003,Strathfield - Burwood - Ashfield,2 Year olds,91.48766905330152
NSW,12101,Chatswood - Lane Cove,2 Year olds,93.86317907444668
NSW,12102,Hornsby,2 Year olds,93.63525091799265
NSW,12103,Ku-ring-gai,2 Year olds,93.40511440107672
NSW,12104,North Sydney - Mosman,2 Year olds,92.7295918367347
NSW,12201,Manly,2 Year olds,92.54498714652956
NSW,12202,Pittwater,2 Year olds,90.80459770114942
NSW,12203,Warringah,2 Year olds,90.8068783068783
NSW,12301,Camden,2 Year olds,90.53537284894837
NSW,12302,Campbelltown (NSW),2 Year olds,88.77400295420975
NSW,12303,Wollondilly,2 Year olds,88.01054018445322
NSW,12401,Blue Mountains,2 Year olds,90.3448275862069
NSW,12403,Penrith,2 Year olds,91.14093959731544
NSW,12404,Richmond - Windsor,2 Year olds,90.45801526717557
NSW,12405,St Marys,2 Year olds,86.55980271270037
NSW,12501,Auburn,2 Year olds,86.13678373382625
NSW,12502,Carlingford,2 Year olds,91.80790960451978
NSW,12503,Merrylands - Guildford,2 Year olds,81.70575692963753
NSW,12504,Parramatta,2 Year olds,89.89715668481549
NSW,12601,Pennant Hills - Epping,2 Year olds,92.21698113207547
NSW,12602,Ryde - Hunters Hill,2 Year olds,95.05169867060562
NSW,12701,Bringelly - Green Valley,2 Year olds,87.5812274368231
NSW,12702,Fairfield,2 Year olds,86.76071622354856
NSW,12703,Liverpool,2 Year olds,85.23526230394808
NSW,12801,Cronulla - Miranda - Caringbah,2 Year olds,91.08231707317073
NSW,12802,Sutherland - Menai - Heathcote,2 Year olds,92.98519095869057
NSW,90104,Norfolk Island,2 Year olds,
NSW,10101,Goulburn - Yass,5 Year olds,
NSW,10102,Queanbeyan,5 Year olds,95.44937428896473
NSW,10103,Snowy Mountains,5 Year olds,92.42424242424242
NSW,10104,South Coast,5 Year olds,92.3865300146413
NSW,10105,Goulburn - Mulwaree,5 Year olds,93.82470119521913
NSW,10106,Young - Yass,5 Year olds,96.52173913043478
NSW,10201,Gosford,5 Year olds,93.45747357825867
NSW,10202,Wyong,5 Year olds,95.25801952580196
NSW,10301,Bathurst,5 Year olds,96.92307692307692
NSW,10302,Lachlan Valley,5 Year olds,95.6973293768546
NSW,10303,Lithgow - Mudgee,5 Year olds,94.7265625
NSW,10304,Orange,5 Year olds,96.99346405228758
NSW,10401,Clarence Valley,5 Year olds,92.6829268292683
NSW,10402,Coffs Harbour,5 Year olds,90.92664092664093
NSW,10501,Bourke - Cobar - Coonamble,5 Year olds,95.6386292834891
NSW,10502,Broken Hill and Far West,5 Year olds,96.80365296803653
NSW,10503,Dubbo,5 Year olds,95.78313253012048
NSW,10601,Lower Hunter,5 Year olds,95.34534534534535
NSW,10602,Maitland,5 Year olds,95.37393986121819
NSW,10603,Port Stephens,5 Year olds,92.47606019151847
NSW,10604,Upper Hunter,5 Year olds,95.71045576407506
NSW,10701,Dapto - Port Kembla,5 Year olds,95.85741811175336
NSW,10702,Illawarra Catchment Reserve,5 Year olds,
NSW,10703,Kiama - Shellharbour,5 Year olds,95.66284779050737
NSW,10704,Wollongong,5 Year olds,94.05255878284923
NSW,10801,Great Lakes,5 Year olds,90.0
NSW,10802,Kempsey - Nambucca,5 Year olds,91.1070780399274
NSW,10803,Lord Howe Island,5 Year olds,
NSW,10804,Port Macquarie,5 Year olds,92.48878923766816
NSW,10805,Taree - Gloucester,5 Year olds,91.2751677852349
NSW,10901,Albury,5 Year olds,93.84098544232923
NSW,10902,Lower Murray,5 Year olds,94.40993788819875
NSW,10903,Upper Murray exc. Albury,5 Year olds,95.9830866807611
NSW,11001,Armidale,5 Year olds,91.46341463414635
NSW,11002,Inverell - Tenterfield,5 Year olds,93.0952380952381
NSW,11003,Moree - Narrabri,5 Year olds,93.993993993994
NSW,11004,Tamworth - Gunnedah,5 Year olds,95.67956795679568
NSW,11101,Lake Macquarie - East,5 Year olds,94.1747572815534
NSW,11102,Lake Macquarie - West,5 Year olds,93.41723136495644
NSW,11103,Newcastle,5 Year olds,94.25837320574163
NSW,11201,Richmond Valley - Coastal,5 Year olds,80.40313549832027
NSW,11202,Richmond Valley - Hinterland,5 Year olds,86.94516971279373
NSW,11203,Tweed Valley,5 Year olds,84.0258541089566
NSW,11301,Griffith - Murrumbidgee (West),5 Year olds,94.81132075471697
NSW,11302,Tumut - Tumbarumba,5 Year olds,91.71974522292994
NSW,11303,Wagga Wagga,5 Year olds,95.08326724821569
NSW,11401,Shoalhaven,5 Year olds,93.40753424657534
NSW,11402,Southern Highlands,5 Year olds,92.74047186932849
NSW,11501,Baulkham Hills,5 Year olds,95.01187648456056
NSW,11502,Dural - Wisemans Ferry,5 Year olds,90.34749034749035
NSW,11503,Hawkesbury,5 Year olds,94.05940594059405
NSW,11504,Rouse Hill - McGraths Hill,5 Year olds,95.6369982547993
NSW,11601,Blacktown,5 Year olds,93.25418240690772
NSW,11602,Blacktown - North,5 Year olds,95.12372634643377
NSW,11603,Mount Druitt,5 Year olds,92.63607257203842
NSW,11701,Botany,5 Year olds,91.6044776119403
NSW,11702,Marrickville - Sydenham - Petersham,5 Year olds,94.5945945945946
NSW,11703,Sydney Inner City,5 Year olds,89.41459502806735
NSW,11801,Eastern Suburbs - North,5 Year olds,89.10034602076125
NSW,11802,Eastern Suburbs - South,5 Year olds,91.42194744976815
NSW,11901,Bankstown,5 Year olds,90.89506172839506
NSW,11902,Canterbury,5 Year olds,92.28468899521532
NSW,11903,Hurstville,5 Year olds,92.97297297297298
NSW,11904,Kogarah - Rockdale,5 Year olds,92.23093371347113
NSW,12001,Canada Bay,5 Year olds,93.98034398034399
NSW,12002,Leichhardt,5 Year olds,94.29065743944636
NSW,12003,Strathfield - Burwood - Ashfield,5 Year olds,92.82899921197793
NSW,12101,Chatswood - Lane Cove,5 Year olds,93.71019108280255
NSW,12102,Hornsby,5 Year olds,95.34192269573836
NSW,12103,Ku-ring-gai,5 Year olds,94.12724306688418
NSW,12104,North Sydney - Mosman,5 Year olds,91.95250659630607
NSW,12201,Manly,5 Year olds,90.78014184397163
NSW,12202,Pittwater,5 Year olds,92.50814332247556
NSW,12203,Warringah,5 Year olds,94.12110523221634
NSW,12301,Camden,5 Year olds,95.42709232096635
NSW,12302,Campbelltown (NSW),5 Year olds,93.6485532815808
NSW,12303,Wollondilly,5 Year olds,94.13298565840938
NSW,12401,Blue Mountains,5 Year olds,91.34734239802225
NSW,12403,Penrith,5 Year olds,95.4702329594478
NSW,12404,Richmond - Windsor,5 Year olds,96.31901840490798
NSW,12405,St Marys,5 Year olds,92.95942720763723
NSW,12501,Auburn,5 Year olds,89.77695167286245
NSW,12502,Carlingford,5 Year olds,94.51219512195121
NSW,12503,Merrylands - Guildford,5 Year olds,89.73214285714286
NSW,12504,Parramatta,5 Year olds,92.63973436635307
NSW,12601,Pennant Hills - Epping,5 Year olds,94.8306595365419
NSW,12602,Ryde - Hunters Hill,5 Year olds,95.16129032258065
NSW,12701,Bringelly - Green Valley,5 Year olds,92.78065630397236
NSW,12702,Fairfield,5 Year olds,93.08206106870229
NSW,12703,Liverpool,5 Year olds,92.50992063492063
NSW,12801,Cronulla - Miranda - Caringbah,5 Year olds,94.24083769633508
NSW,12802,Sutherland - Menai - Heathcote,5 Year olds,95.60029828486203
NSW,90104,Norfolk Island,5 Year olds,
TAS,60101,Brighton,1 Year olds,96.12403100775194
TAS,60102,Hobart - North East,1 Year olds,95.95278246205734
TAS,60103,Hobart - North West,1 Year olds,93.80403458213257
TAS,60104,Hobart - South and West,1 Year olds,94.86404833836858
TAS,60105,Hobart Inner,1 Year olds,92.09039548022598
TAS,60106,Sorell - Dodges Ferry,1 Year olds,93.96984924623115
TAS,60201,Launceston,1 Year olds,93.8121546961326
TAS,60202,Meander Valley - West Tamar,1 Year olds,83.50515463917526
TAS,60203,North East,1 Year olds,94.21052631578948
TAS,60301,Central Highlands (Tas.),1 Year olds,87.12871287128714
TAS,60302,Huon - Bruny Island,1 Year olds,87.11340206185567
TAS,60303,South East Coast,1 Year olds,94.82758620689656
TAS,60401,Burnie - Ulverstone,1 Year olds,93.23770491803278
TAS,60402,Devonport,1 Year olds,91.84149184149184
TAS,60403,West Coast,1 Year olds,92.25352112676056
TAS,60101,Brighton,2 Year olds,95.01661129568106
TAS,60102,Hobart - North East,2 Year olds,95.54140127388536
TAS,60103,Hobart - North West,2 Year olds,91.59802306425041
TAS,60104,Hobart - South and West,2 Year olds,93.71584699453553
TAS,60105,Hobart Inner,2 Year olds,89.89071038251366
TAS,60106,Sorell - Dodges Ferry,2 Year olds,94.06392694063926
TAS,60201,Launceston,2 Year olds,91.29943502824858
TAS,60202,Meander Valley - West Tamar,2 Year olds,90.0
TAS,60203,North East,2 Year olds,91.66666666666666
TAS,60301,Central Highlands (Tas.),2 Year olds,93.81443298969072
TAS,60302,Huon - Bruny Island,2 Year olds,81.55339805825243
TAS,60303,South East Coast,2 Year olds,81.25
TAS,60401,Burnie - Ulverstone,2 Year olds,92.12121212121212
TAS,60402,Devonport,2 Year olds,92.65306122448979
TAS,60403,West Coast,2 Year olds,90.41916167664671
TAS,60101,Brighton,5 Year olds,97.71986970684038
TAS,60102,Hobart - North East,5 Year olds,97.27793696275072
TAS,60103,Hobart - North West,5 Year olds,93.9799331103679
TAS,60104,Hobart - South and West,5 Year olds,94.16058394160584
TAS,60105,Hobart Inner,5 Year olds,95.45454545454545
TAS,60106,Sorell - Dodges Ferry,5 Year olds,96.58536585365853
TAS,60201,Launceston,5 Year olds,92.65957446808511
TAS,60202,Meander Valley - West Tamar,5 Year olds,89.42731277533039
TAS,60203,North East,5 Year olds,91.53439153439153
TAS,60301,Central Highlands (Tas.),5 Year olds,94.1747572815534
TAS,60302,Huon - Bruny Island,5 Year olds,88.23529411764706
TAS,60303,South East Coast,5 Year olds,89.79591836734694
TAS,60401,Burnie - Ulverstone,5 Year olds,94.58413926499033
TAS,60402,Devonport,5 Year olds,91.45299145299145
TAS,60403,West Coast,5 Year olds,86.26373626373626
ACT,80101,Belconnen,1 Year olds,95.58693733451015
ACT,80102,Cotter - Namadgi,1 Year olds,
ACT,80103,Canberra East,1 Year olds,
ACT,80104,Gungahlin,1 Year olds,94.90500863557858
ACT,80105,North Canberra,1 Year olds,95.56650246305419
ACT,80106,South Canberra,1 Year olds,96.3963963963964
ACT,80107,Tuggeranong,1 Year olds,94.93212669683257
ACT,80108,Weston Creek,1 Year olds,97.24409448818898
ACT,80109,Woden Valley,1 Year olds,90.5852417302799
ACT,80110,Molonglo,1 Year olds,95.95588235294117
ACT,80111,Uriarra - Namadgi,1 Year olds,
ACT,90103,Jervis Bay,1 Year olds,
ACT,80101,Belconnen,2 Year olds,93.14481576692374
ACT,80102,Cotter - Namadgi,2 Year olds,
ACT,80103,Canberra East,2 Year olds,
ACT,80104,Gungahlin,2 Year olds,92.4812030075188
ACT,80105,North Canberra,2 Year olds,93.34916864608076
ACT,80106,South Canberra,2 Year olds,88.37209302325581
ACT,80107,Tuggeranong,2 Year olds,92.48334919124643
ACT,80108,Weston Creek,2 Year olds,93.48659003831418
ACT,80109,Woden Valley,2 Year olds,91.2
ACT,80110,Molonglo,2 Year olds,92.44604316546763
ACT,80111,Uriarra - Namadgi,2 Year olds,
ACT,90103,Jervis Bay,2 Year olds,
ACT,80101,Belconnen,5 Year olds,95.0597609561753
ACT,80102,Cotter - Namadgi,5 Year olds,
ACT,80103,Canberra East,5 Year olds,
ACT,80104,Gungahlin,5 Year olds,96.35416666666666
ACT,80105,North Canberra,5 Year olds,92.96375266524521
ACT,80106,South Canberra,5 Year olds,89.568345323741
ACT,80107,Tuggeranong,5 Year olds,95.2770208900999
ACT,80108,Weston Creek,5 Year olds,96.47887323943662
ACT,80109,Woden Valley,5 Year olds,90.5701754385965
ACT,80110,Molonglo,5 Year olds,95.47325102880659
ACT,80111,Uriarra - Namadgi,5 Year olds,
ACT,90103,Jervis Bay,5 Year olds,
SA,40101,Adelaide City,1 Year olds,87.82608695652175
SA,40102,Adelaide Hills,1 Year olds,89.72286374133948
SA,40103,Burnside,1 Year olds,93.58490566037736
SA,40104,Campbelltown (SA),1 Year olds,92.72727272727272
SA,40105,Norwood - Payneham - St Peters,1 Year olds,92.17687074829932
SA,40106,Prospect - Walkerville,1 Year olds,95.09803921568627
SA,40107,Unley,1 Year olds,94.63087248322147
SA,40201,Gawler - Two Wells,1 Year olds,94.65020576131687
SA,40202,Playford,1 Year olds,93.0391547545059
SA,40203,Port Adelaide - East,1 Year olds,93.02832244008714
SA,40204,Salisbury,1 Year olds,92.809667673716
SA,40205,Tea Tree Gully,1 Year olds,93.0715935334873
SA,40301,Holdfast Bay,1 Year olds,92.6086956521739
SA,40302,Marion,1 Year olds,92.33870967741935
SA,40303,Mitcham,1 Year olds,92.96296296296296
SA,40304,Onkaparinga,1 Year olds,90.16216216216216
SA,40401,Charles Sturt,1 Year olds,90.76923076923077
SA,40402,Port Adelaide - West,1 Year olds,91.82389937106919
SA,40403,West Torrens,1 Year olds,92.4092409240924
SA,40501,Barossa,1 Year olds,91.51515151515152
SA,40502,Lower North,1 Year olds,93.12169312169311
SA,40503,Mid North,1 Year olds,90.43824701195219
SA,40504,Yorke Peninsula,1 Year olds,94.39655172413794
SA,40601,Eyre Peninsula and South West,1 Year olds,87.39205526770294
SA,40602,Outback - North and East,1 Year olds,87.84313725490196
SA,40701,Fleurieu - Kangaroo Island,1 Year olds,88.88888888888889
SA,40702,Limestone Coast,1 Year olds,95.565749235474
SA,40703,Murray and Mallee,1 Year olds,91.62303664921467
SA,40101,Adelaide City,2 Year olds,85.83333333333333
SA,40102,Adelaide Hills,2 Year olds,87.01594533029613
SA,40103,Burnside,2 Year olds,90.66666666666666
SA,40104,Campbelltown (SA),2 Year olds,89.50381679389314
SA,40105,Norwood - Payneham - St Peters,2 Year olds,88.48484848484848
SA,40106,Prospect - Walkerville,2 Year olds,88.44444444444444
SA,40107,Unley,2 Year olds,89.2430278884462
SA,40201,Gawler - Two Wells,2 Year olds,89.20570264765783
SA,40202,Playford,2 Year olds,90.72164948453609
SA,40203,Port Adelaide - East,2 Year olds,90.35087719298247
SA,40204,Salisbury,2 Year olds,90.25641025641026
SA,40205,Tea Tree Gully,2 Year olds,90.45120671563484
SA,40301,Holdfast Bay,2 Year olds,88.74458874458875
SA,40302,Marion,2 Year olds,91.38276553106212
SA,40303,Mitcham,2 Year olds,90.76433121019109
SA,40304,Onkaparinga,2 Year olds,90.15889287544849
SA,40401,Charles Sturt,2 Year olds,88.54559155990958
SA,40402,Port Adelaide - West,2 Year olds,88.88888888888889
SA,40403,West Torrens,2 Year olds,91.9732441471572
SA,40501,Barossa,2 Year olds,93.05135951661632
SA,40502,Lower North,2 Year olds,90.09433962264151
SA,40503,Mid North,2 Year olds,89.08450704225352
SA,40504,Yorke Peninsula,2 Year olds,86.58008658008657
SA,40601,Eyre Peninsula and South West,2 Year olds,85.3225806451613
SA,40602,Outback - North and East,2 Year olds,86.19528619528619
SA,40701,Fleurieu - Kangaroo Island,2 Year olds,85.88516746411483
SA,40702,Limestone Coast,2 Year olds,92.23744292237443
SA,40703,Murray and Mallee,2 Year olds,88.68458274398868
SA,40101,Adelaide City,5 Year olds,83.33333333333334
SA,40102,Adelaide Hills,5 Year olds,92.11324570273003
SA,40103,Burnside,5 Year olds,96.25935162094763
SA,40104,Campbelltown (SA),5 Year olds,92.90780141843972
SA,40105,Norwood - Payneham - St Peters,5 Year olds,93.51851851851852
SA,40106,Prospect - Walkerville,5 Year olds,92.21556886227546
SA,40107,Unley,5 Year olds,96.32768361581921
SA,40201,Gawler - Two Wells,5 Year olds,94.8936170212766
SA,40202,Playford,5 Year olds,95.97113650030066
SA,40203,Port Adelaide - East,5 Year olds,94.36052366565961
SA,40204,Salisbury,5 Year olds,93.9572192513369
SA,40205,Tea Tree Gully,5 Year olds,94.24528301886792
SA,40301,Holdfast Bay,5 Year olds,92.7007299270073
SA,40302,Marion,5 Year olds,96.13095238095238
SA,40303,Mitcham,5 Year olds,96.30723781388478
SA,40304,Onkaparinga,5 Year olds,93.56608478802993
SA,40401,Charles Sturt,5 Year olds,94.46227929373997
SA,40402,Port Adelaide - West,5 Year olds,94.60641399416909
SA,40403,West Torrens,5 Year olds,95.41864139020537
SA,40501,Barossa,5 Year olds,94.96221662468514
SA,40502,Lower North,5 Year olds,94.11764705882352
SA,40503,Mid North,5 Year olds,92.44604316546763
SA,40504,Yorke Peninsula,5 Year olds,91.4798206278027
SA,40601,Eyre Peninsula and South West,5 Year olds,90.44862518089725
SA,40602,Outback - North and East,5 Year olds,96.46643109540636
SA,40701,Fleurieu - Kangaroo Island,5 Year olds,88.94472361809045
SA,40702,Limestone Coast,5 Year olds,95.24475524475524
SA,40703,Murray and Mallee,5 Year olds,94.27710843373494
QLD,30101,Capalaba,1 Year olds,92.7367055771725
QLD,30102,Cleveland - Stradbroke,1 Year olds,90.70847851335657
QLD,30103,Wynnum - Manly,1 Year olds,93.63295880149812
QLD,30201,Bald Hills - Everton Park,1 Year olds,96.55172413793103
QLD,30202,Chermside,1 Year olds,92.89099526066352
QLD,30203,Nundah,1 Year olds,94.63220675944333
QLD,30204,Sandgate,1 Year olds,94.29892141756548
QLD,30301,Carindale,1 Year olds,95.52772808586762
QLD,30302,Holland Park - Yeronga,1 Year olds,93.02325581395348
QLD,30303,Mt Gravatt,1 Year olds,92.14659685863874
QLD,30304,Nathan,1 Year olds,95.8963282937365
QLD,30305,Rocklea - Acacia Ridge,1 Year olds,92.9399367755532
QLD,30306,Sunnybank,1 Year olds,93.92523364485982
QLD,30401,Centenary,1 Year olds,91.24579124579124
QLD,30402,Kenmore - Brookfield - Moggill,1 Year olds,93.47826086956522
QLD,30403,Sherwood - Indooroopilly,1 Year olds,92.02279202279202
QLD,30404,The Gap - Enoggera,1 Year olds,96.59498207885304
QLD,30501,Brisbane Inner,1 Year olds,92.5601750547046
QLD,30502,Brisbane Inner - East,1 Year olds,94.96567505720824
QLD,30503,Brisbane Inner - North,1 Year olds,94.9468085106383
QLD,30504,Brisbane Inner - West,1 Year olds,94.10430839002267
QLD,30601,Cairns - North,1 Year olds,90.51094890510949
QLD,30602,Cairns - South,1 Year olds,90.58728881737731
QLD,30603,Innisfail - Cassowary Coast,1 Year olds,85.79710144927536
QLD,30604,Port Douglas - Daintree,1 Year olds,88.42105263157895
QLD,30605,Tablelands (East) - Kuranda,1 Year olds,81.93069306930693
QLD,30701,Darling Downs (West) - Maranoa,1 Year olds,92.03252032520325
QLD,30702,Darling Downs - East,1 Year olds,89.81132075471699
QLD,30703,Granite Belt,1 Year olds,91.725768321513
QLD,30801,Central Highlands (Qld),1 Year olds,87.58465011286681
QLD,30802,Gladstone - Biloela,1 Year olds,
QLD,30803,Rockhampton,1 Year olds,91.49888143176734
QLD,30804,Biloela,1 Year olds,94.5
QLD,30805,Gladstone,1 Year olds,86.61311914323963
QLD,30901,Broadbeach - Burleigh,1 Year olds,83.35901386748844
QLD,30902,Coolangatta,1 Year olds,80.0
QLD,30903,Gold Coast - North,1 Year olds,84.8816029143898
QLD,30904,Gold Coast Hinterland,1 Year olds,79.67032967032966
QLD,30905,Mudgeeraba - Tallebudgera,1 Year olds,85.55555555555556
QLD,30906,Nerang,1 Year olds,82.19373219373219
QLD,30907,Ormeau - Oxenford,1 Year olds,87.56065284516983
QLD,30908,Robina,1 Year olds,86.27450980392157
QLD,30909,Southport,1 Year olds,89.6
QLD,30910,Surfers Paradise,1 Year olds,84.49612403100775
QLD,31001,Forest Lake - Oxley,1 Year olds,91.10212335692619
QLD,31002,Ipswich Hinterland,1 Year olds,92.06145966709347
QLD,31003,Ipswich Inner,1 Year olds,91.78610804851158
QLD,31004,Springfield - Redbank,1 Year olds,90.21323127392019
QLD,31101,Beaudesert,1 Year olds,89.7590361445783
QLD,31102,Beenleigh,1 Year olds,89.19708029197079
QLD,31103,Browns Plains,1 Year olds,90.53051911009698
QLD,31104,Jimboomba,1 Year olds,89.47849954254346
QLD,31105,Loganlea - Carbrook,1 Year olds,90.98765432098766
QLD,31106,Springwood - Kingston,1 Year olds,89.46894689468947
QLD,31201,Bowen Basin - North,1 Year olds,89.03803131991052
QLD,31202,Mackay,1 Year olds,91.40302613480054
QLD,31203,Whitsunday,1 Year olds,87.85046728971963
QLD,31301,Bribie - Beachmere,1 Year olds,84.07960199004975
QLD,31302,Caboolture,1 Year olds,90.6500445235975
QLD,31303,Caboolture Hinterland,1 Year olds,88.27160493827161
QLD,31304,Narangba - Burpengary,1 Year olds,91.12097669256381
QLD,31305,Redcliffe,1 Year olds,88.23529411764706
QLD,31401,The Hills District,1 Year olds,92.87305122494432
QLD,31402,North Lakes,1 Year olds,92.51423921887714
QLD,31403,Strathpine,1 Year olds,94.69214437367303
QLD,31501,Far North,1 Year olds,92.24806201550388
QLD,31502,Outback - North,1 Year olds,87.72727272727273
QLD,31503,Outback - South,1 Year olds,90.18691588785047
QLD,31601,Buderim,1 Year olds,87.20930232558139
QLD,31602,Caloundra,1 Year olds,86.04407135362014
QLD,31603,Maroochy,1 Year olds,81.16504854368932
QLD,31604,Nambour - Pomona,1 Year olds,
QLD,31605,Noosa,1 Year olds,82.87461773700305
QLD,31606,Sunshine Coast Hinterland,1 Year olds,83.43283582089552
QLD,31607,Nambour,1 Year olds,82.39700374531836
QLD,31608,Noosa Hinterland,1 Year olds,65.76086956521739
QLD,31701,Toowoomba,1 Year olds,91.43286573146293
QLD,31801,Charters Towers - Ayr - Ingham,1 Year olds,90.84158415841584
QLD,31802,Townsville,1 Year olds,92.89256198347108
QLD,31901,Bundaberg,1 Year olds,91.11111111111111
QLD,31902,Burnett,1 Year olds,86.77354709418837
QLD,31903,Gympie - Cooloola,1 Year olds,86.63003663003663
QLD,31904,Hervey Bay,1 Year olds,91.36029411764706
QLD,31905,Maryborough,1 Year olds,92.15189873417722
QLD,30101,Capalaba,2 Year olds,92.48210023866349
QLD,30102,Cleveland - Stradbroke,2 Year olds,88.32432432432432
QLD,30103,Wynnum - Manly,2 Year olds,91.67686658506732
QLD,30201,Bald Hills - Everton Park,2 Year olds,94.12955465587044
QLD,30202,Chermside,2 Year olds,93.5912938331318
QLD,30203,Nundah,2 Year olds,93.37474120082815
QLD,30204,Sandgate,2 Year olds,94.21720733427362
QLD,30301,Carindale,2 Year olds,92.72727272727272
QLD,30302,Holland Park - Yeronga,2 Year olds,91.67842031029619
QLD,30303,Mt Gravatt,2 Year olds,92.27848101265823
QLD,30304,Nathan,2 Year olds,93.76443418013857
QLD,30305,Rocklea - Acacia Ridge,2 Year olds,90.94567404426559
QLD,30306,Sunnybank,2 Year olds,90.87301587301587
QLD,30401,Centenary,2 Year olds,94.79768786127167
QLD,30402,Kenmore - Brookfield - Moggill,2 Year olds,89.95215311004785
QLD,30403,Sherwood - Indooroopilly,2 Year olds,92.99363057324841
QLD,30404,The Gap - Enoggera,2 Year olds,92.44372990353698
QLD,30501,Brisbane Inner,2 Year olds,87.77506112469437
QLD,30502,Brisbane Inner - East,2 Year olds,90.23255813953487
QLD,30503,Brisbane Inner - North,2 Year olds,92.42979242979243
QLD,30504,Brisbane Inner - West,2 Year olds,92.09401709401709
QLD,30601,Cairns - North,2 Year olds,91.1371237458194
QLD,30602,Cairns - South,2 Year olds,88.75786163522012
QLD,30603,Innisfail - Cassowary Coast,2 Year olds,86.82795698924731
QLD,30604,Port Douglas - Daintree,2 Year olds,87.5
QLD,30605,Tablelands (East) - Kuranda,2 Year olds,82.38095238095238
QLD,30701,Darling Downs (West) - Maranoa,2 Year olds,90.33232628398792
QLD,30702,Darling Downs - East,2 Year olds,88.88888888888889
QLD,30703,Granite Belt,2 Year olds,86.68280871670703
QLD,30801,Central Highlands (Qld),2 Year olds,86.49289099526067
QLD,30802,Gladstone - Biloela,2 Year olds,
QLD,30803,Rockhampton,2 Year olds,89.48096885813149
QLD,30804,Biloela,2 Year olds,86.66666666666667
QLD,30805,Gladstone,2 Year olds,86.66666666666667
QLD,30901,Broadbeach - Burleigh,2 Year olds,83.11036789297658
QLD,30902,Coolangatta,2 Year olds,80.3834808259587
QLD,30903,Gold Coast - North,2 Year olds,87.3015873015873
QLD,30904,Gold Coast Hinterland,2 Year olds,74.48979591836735
QLD,30905,Mudgeeraba - Tallebudgera,2 Year olds,80.82901554404145
QLD,30906,Nerang,2 Year olds,82.86802030456852
QLD,30907,Ormeau - Oxenford,2 Year olds,86.3975427819219
QLD,30908,Robina,2 Year olds,86.6
QLD,30909,Southport,2 Year olds,85.58225508317929
QLD,30910,Surfers Paradise,2 Year olds,83.05785123966942
QLD,31001,Forest Lake - Oxley,2 Year olds,90.92627599243856
QLD,31002,Ipswich Hinterland,2 Year olds,89.04823989569752
QLD,31003,Ipswich Inner,2 Year olds,90.83686440677965
QLD,31004,Springfield - Redbank,2 Year olds,86.76171079429736
QLD,31101,Beaudesert,2 Year olds,84.54106280193237
QLD,31102,Beenleigh,2 Year olds,87.48317631224765
QLD,31103,Browns Plains,2 Year olds,89.3348623853211
QLD,31104,Jimboomba,2 Year olds,87.7147766323024
QLD,31105,Loganlea - Carbrook,2 Year olds,86.63303909205548
QLD,31106,Springwood - Kingston,2 Year olds,84.8868778280543
QLD,31201,Bowen Basin - North,2 Year olds,86.15751789976133
QLD,31202,Mackay,2 Year olds,88.31927319922129
QLD,31203,Whitsunday,2 Year olds,89.5582329317269
QLD,31301,Bribie - Beachmere,2 Year olds,88.88888888888889
QLD,31302,Caboolture,2 Year olds,90.75630252100841
QLD,31303,Caboolture Hinterland,2 Year olds,83.76623376623377
QLD,31304,Narangba - Burpengary,2 Year olds,90.02100840336135
QLD,31305,Redcliffe,2 Year olds,89.66789667896678
QLD,31401,The Hills District,2 Year olds,92.2998986828774
QLD,31402,North Lakes,2 Year olds,91.46991622239146
QLD,31403,Strathpine,2 Year olds,89.24528301886792
QLD,31501,Far North,2 Year olds,89.1139240506329
QLD,31502,Outback - North,2 Year olds,81.28898128898129
QLD,31503,Outback - South,2 Year olds,89.87341772151899
QLD,31601,Buderim,2 Year olds,86.11111111111111
QLD,31602,Caloundra,2 Year olds,87.02970297029702
QLD,31603,Maroochy,2 Year olds,78.51851851851852
QLD,31604,Nambour - Pomona,2 Year olds,
QLD,31605,Noosa,2 Year olds,79.86111111111111
QLD,31606,Sunshine Coast Hinterland,2 Year olds,83.77997179125529
QLD,31607,Nambour,2 Year olds,81.78752107925801
QLD,31608,Noosa Hinterland,2 Year olds,73.89162561576354
QLD,31701,Toowoomba,2 Year olds,91.14242576748867
QLD,31801,Charters Towers - Ayr - Ingham,2 Year olds,89.1156462585034
QLD,31802,Townsville,2 Year olds,90.78189300411522
QLD,31901,Bundaberg,2 Year olds,89.42528735632183
QLD,31902,Burnett,2 Year olds,85.24945770065075
QLD,31903,Gympie - Cooloola,2 Year olds,80.49242424242425
QLD,31904,Hervey Bay,2 Year olds,90.67164179104478
QLD,31905,Maryborough,2 Year olds,89.80044345898004
QLD,30101,Capalaba,5 Year olds,93.94285714285714
QLD,30102,Cleveland - Stradbroke,5 Year olds,92.94809010773751
QLD,30103,Wynnum - Manly,5 Year olds,92.84940411700975
QLD,30201,Bald Hills - Everton Park,5 Year olds,97.35973597359737
QLD,30202,Chermside,5 Year olds,94.63007159904535
QLD,30203,Nundah,5 Year olds,95.80712788259959
QLD,30204,Sandgate,5 Year olds,95.75596816976127
QLD,30301,Carindale,5 Year olds,93.80804953560371
QLD,30302,Holland Park - Yeronga,5 Year olds,92.95597484276729
QLD,30303,Mt Gravatt,5 Year olds,93.89721627408993
QLD,30304,Nathan,5 Year olds,96.21380846325167
QLD,30305,Rocklea - Acacia Ridge,5 Year olds,94.3767572633552
QLD,30306,Sunnybank,5 Year olds,92.55499153976311
QLD,30401,Centenary,5 Year olds,97.911227154047
QLD,30402,Kenmore - Brookfield - Moggill,5 Year olds,92.0774647887324
QLD,30403,Sherwood - Indooroopilly,5 Year olds,92.67734553775743
QLD,30404,The Gap - Enoggera,5 Year olds,95.59939301972686
QLD,30501,Brisbane Inner,5 Year olds,90.25522041763341
QLD,30502,Brisbane Inner - East,5 Year olds,91.56118143459916
QLD,30503,Brisbane Inner - North,5 Year olds,93.36609336609337
QLD,30504,Brisbane Inner - West,5 Year olds,94.68864468864469
QLD,30601,Cairns - North,5 Year olds,92.05087440381558
QLD,30602,Cairns - South,5 Year olds,92.54612546125462
QLD,30603,Innisfail - Cassowary Coast,5 Year olds,90.35812672176309
QLD,30604,Port Douglas - Daintree,5 Year olds,86.91588785046729
QLD,30605,Tablelands (East) - Kuranda,5 Year olds,86.66666666666667
QLD,30701,Darling Downs (West) - Maranoa,5 Year olds,93.72056514913658
QLD,30702,Darling Downs - East,5 Year olds,90.58614564831261
QLD,30703,Granite Belt,5 Year olds,90.3448275862069
QLD,30801,Central Highlands (Qld),5 Year olds,90.63136456211812
QLD,30802,Gladstone - Biloela,5 Year olds,
QLD,30803,Rockhampton,5 Year olds,91.2258064516129
QLD,30804,Biloela,5 Year olds,90.78947368421053
QLD,30805,Gladstone,5 Year olds,89.49720670391062
QLD,30901,Broadbeach - Burleigh,5 Year olds,86.77563150074295
QLD,30902,Coolangatta,5 Year olds,86.17363344051448
QLD,30903,Gold Coast - North,5 Year olds,88.54003139717426
QLD,30904,Gold Coast Hinterland,5 Year olds,82.78688524590164
QLD,30905,Mudgeeraba - Tallebudgera,5 Year olds,87.08971553610503
QLD,30906,Nerang,5 Year olds,91.04651162790698
QLD,30907,Ormeau - Oxenford,5 Year olds,90.77235772357723
QLD,30908,Robina,5 Year olds,89.67851099830794
QLD,30909,Southport,5 Year olds,90.4296875
QLD,30910,Surfers Paradise,5 Year olds,85.76512455516014
QLD,31001,Forest Lake - Oxley,5 Year olds,92.63456090651559
QLD,31002,Ipswich Hinterland,5 Year olds,92.15922798552472
QLD,31003,Ipswich Inner,5 Year olds,94.3986820428336
QLD,31004,Springfield - Redbank,5 Year olds,93.54375896700144
QLD,31101,Beaudesert,5 Year olds,89.47368421052632
QLD,31102,Beenleigh,5 Year olds,90.9090909090909
QLD,31103,Browns Plains,5 Year olds,91.34408602150538
QLD,31104,Jimboomba,5 Year olds,91.08433734939759
QLD,31105,Loganlea - Carbrook,5 Year olds,89.33189655172413
QLD,31106,Springwood - Kingston,5 Year olds,90.07506255212677
QLD,31201,Bowen Basin - North,5 Year olds,89.54248366013073
QLD,31202,Mackay,5 Year olds,92.00247985120893
QLD,31203,Whitsunday,5 Year olds,91.11969111969111
QLD,31301,Bribie - Beachmere,5 Year olds,90.9090909090909
QLD,31302,Caboolture,5 Year olds,92.04368174726989
QLD,31303,Caboolture Hinterland,5 Year olds,87.73006134969326
QLD,31304,Narangba - Burpengary,5 Year olds,92.92730844793712
QLD,31305,Redcliffe,5 Year olds,90.65743944636678
QLD,31401,The Hills District,5 Year olds,94.5506692160612
QLD,31402,North Lakes,5 Year olds,94.4141689373297
QLD,31403,Strathpine,5 Year olds,93.24577861163228
QLD,31501,Far North,5 Year olds,93.67945823927766
QLD,31502,Outback - North,5 Year olds,92.40506329113924
QLD,31503,Outback - South,5 Year olds,94.11764705882352
QLD,31601,Buderim,5 Year olds,90.24767801857585
QLD,31602,Caloundra,5 Year olds,90.32815198618307
QLD,31603,Maroochy,5 Year olds,84.56014362657092
QLD,31604,Nambour - Pomona,5 Year olds,
QLD,31605,Noosa,5 Year olds,82.50591016548464
QLD,31606,Sunshine Coast Hinterland,5 Year olds,84.46475195822454
QLD,31607,Nambour,5 Year olds,86.04269293924466
QLD,31608,Noosa Hinterland,5 Year olds,80.89430894308943
QLD,31701,Toowoomba,5 Year olds,93.12348668280872
QLD,31801,Charters Towers - Ayr - Ingham,5 Year olds,92.23946784922394
QLD,31802,Townsville,5 Year olds,94.6645109135004
QLD,31901,Bundaberg,5 Year olds,92.11873080859775
QLD,31902,Burnett,5 Year olds,90.69343065693431
QLD,31903,Gympie - Cooloola,5 Year olds,84.48275862068965
QLD,31904,Hervey Bay,5 Year olds,93.0976430976431
QLD,31905,Maryborough,5 Year olds,91.72259507829978
WA,50101,Augusta - Margaret River - Busselton,1 Year olds,82.18694885361552
WA,50102,Bunbury,1 Year olds,86.62533215234721
WA,50103,Manjimup,1 Year olds,83.02752293577981
WA,50201,Mandurah,1 Year olds,88.67579908675799
WA,50301,Cottesloe - Claremont,1 Year olds,92.66247379454927
WA,50302,Perth City,1 Year olds,93.54120267260579
WA,50401,Bayswater - Bassendean,1 Year olds,93.22916666666666
WA,50402,Mundaring,1 Year olds,87.05882352941177
WA,50403,Swan,1 Year olds,91.3585554600172
WA,50501,Joondalup,1 Year olds,90.14267185473412
WA,50502,Stirling,1 Year olds,92.45630174793008
WA,50503,Wanneroo,1 Year olds,90.24835646457268
WA,50601,Armadale,1 Year olds,91.20879120879121
WA,50602,Belmont - Victoria Park,1 Year olds,92.18009478672985
WA,50603,Canning,1 Year olds,92.39013933547695
WA,50604,Gosnells,1 Year olds,89.66914247130318
WA,50605,Kalamunda,1 Year olds,91.31832797427653
WA,50606,Serpentine - Jarrahdale,1 Year olds,88.48263254113346
WA,50607,South Perth,1 Year olds,91.83673469387756
WA,50701,Cockburn,1 Year olds,91.60559626915389
WA,50702,Fremantle,1 Year olds,91.30434782608695
WA,50703,Kwinana,1 Year olds,91.75977653631286
WA,50704,Melville,1 Year olds,91.50743099787687
WA,50705,Rockingham,1 Year olds,90.19495412844036
WA,50801,Esperance,1 Year olds,
WA,50802,Gascoyne,1 Year olds,
WA,50803,Goldfields,1 Year olds,
WA,50804,Kimberley,1 Year olds,
WA,50805,Mid West,1 Year olds,
WA,50806,Pilbara,1 Year olds,
WA,50901,Albany,1 Year olds,89.15857605177993
WA,50902,Wheat Belt - North,1 Year olds,90.05328596802842
WA,50903,Wheat Belt - South,1 Year olds,94.84536082474226
WA,51001,Kimberley,1 Year olds,91.34808853118712
WA,51002,East Pilbara,1 Year olds,85.17350157728707
WA,51003,West Pilbara,1 Year olds,85.97701149425288
WA,51101,Esperance,1 Year olds,90.38461538461539
WA,51102,Gascoyne,1 Year olds,76.92307692307693
WA,51103,Goldfields,1 Year olds,88.79837067209776
WA,51104,Mid West,1 Year olds,85.38587848932676
WA,90101,Christmas Island,1 Year olds,
WA,90102,Cocos (Keeling) Islands,1 Year olds,
WA,50101,Augusta - Margaret River - Busselton,2 Year olds,80.69883527454242
WA,50102,Bunbury,2 Year olds,84.33734939759037
WA,50103,Manjimup,2 Year olds,81.27853881278538
WA,50201,Mandurah,2 Year olds,86.04845446950709
WA,50301,Cottesloe - Claremont,2 Year olds,88.95238095238095
WA,50302,Perth City,2 Year olds,88.69109947643979
WA,50401,Bayswater - Bassendean,2 Year olds,90.1063829787234
WA,50402,Mundaring,2 Year olds,85.64814814814815
WA,50403,Swan,2 Year olds,88.45010615711253
WA,50501,Joondalup,2 Year olds,88.75669244497323
WA,50502,Stirling,2 Year olds,90.07062733693394
WA,50503,Wanneroo,2 Year olds,88.61071932299012
WA,50601,Armadale,2 Year olds,88.31430490261921
WA,50602,Belmont - Victoria Park,2 Year olds,88.47980997624703
WA,50603,Canning,2 Year olds,89.18617614269789
WA,50604,Gosnells,2 Year olds,88.04275217100869
WA,50605,Kalamunda,2 Year olds,87.79761904761905
WA,50606,Serpentine - Jarrahdale,2 Year olds,89.0909090909091
WA,50607,South Perth,2 Year olds,89.67391304347827
WA,50701,Cockburn,2 Year olds,88.95939086294416
WA,50702,Fremantle,2 Year olds,85.8108108108108
WA,50703,Kwinana,2 Year olds,89.66836734693877
WA,50704,Melville,2 Year olds,90.87003222341569
WA,50705,Rockingham,2 Year olds,85.49534756431308
WA,50801,Esperance,2 Year olds,
WA,50802,Gascoyne,2 Year olds,
WA,50803,Goldfields,2 Year olds,
WA,50804,Kimberley,2 Year olds,
WA,50805,Mid West,2 Year olds,
WA,50806,Pilbara,2 Year olds,
WA,50901,Albany,2 Year olds,85.44891640866872
WA,50902,Wheat Belt - North,2 Year olds,88.46153846153845
WA,50903,Wheat Belt - South,2 Year olds,92.61083743842364
WA,51001,Kimberley,2 Year olds,88.36734693877551
WA,51002,East Pilbara,2 Year olds,84.07821229050279
WA,51003,West Pilbara,2 Year olds,81.85483870967742
WA,51101,Esperance,2 Year olds,87.57396449704143
WA,51102,Gascoyne,2 Year olds,74.75728155339806
WA,51103,Goldfields,2 Year olds,84.45378151260505
WA,51104,Mid West,2 Year olds,85.73825503355704
WA,90101,Christmas Island,2 Year olds,
WA,90102,Cocos (Keeling) Islands,2 Year olds,
WA,50101,Augusta - Margaret River - Busselton,5 Year olds,86.88293370944993
WA,50102,Bunbury,5 Year olds,90.986790986791
WA,50103,Manjimup,5 Year olds,84.16289592760181
WA,50201,Mandurah,5 Year olds,89.76377952755905
WA,50301,Cottesloe - Claremont,5 Year olds,94.59876543209876
WA,50302,Perth City,5 Year olds,91.17647058823529
WA,50401,Bayswater - Bassendean,5 Year olds,93.38598223099703
WA,50402,Mundaring,5 Year olds,90.14675052410901
WA,50403,Swan,5 Year olds,91.88755020080322
WA,50501,Joondalup,5 Year olds,91.66248116524359
WA,50502,Stirling,5 Year olds,92.32876712328768
WA,50503,Wanneroo,5 Year olds,92.2930542340628
WA,50601,Armadale,5 Year olds,93.11740890688259
WA,50602,Belmont - Victoria Park,5 Year olds,91.73652694610779
WA,50603,Canning,5 Year olds,94.40433212996389
WA,50604,Gosnells,5 Year olds,92.6829268292683
WA,50605,Kalamunda,5 Year olds,92.06798866855524
WA,50606,Serpentine - Jarrahdale,5 Year olds,91.70579029733959
WA,50607,South Perth,5 Year olds,92.74611398963731
WA,50701,Cockburn,5 Year olds,90.97051597051598
WA,50702,Fremantle,5 Year olds,92.54807692307693
WA,50703,Kwinana,5 Year olds,94.9579831932773
WA,50704,Melville,5 Year olds,93.37248322147651
WA,50705,Rockingham,5 Year olds,91.84060721062619
WA,50801,Esperance,5 Year olds,
WA,50802,Gascoyne,5 Year olds,
WA,50803,Goldfields,5 Year olds,
WA,50804,Kimberley,5 Year olds,
WA,50805,Mid West,5 Year olds,
WA,50806,Pilbara,5 Year olds,
WA,50901,Albany,5 Year olds,87.79803646563815
WA,50902,Wheat Belt - North,5 Year olds,91.99372056514915
WA,50903,Wheat Belt - South,5 Year olds,93.90243902439023
WA,51001,Kimberley,5 Year olds,95.38152610441767
WA,51002,East Pilbara,5 Year olds,89.79057591623037
WA,51003,West Pilbara,5 Year olds,89.32584269662921
WA,51101,Esperance,5 Year olds,92.61363636363636
WA,51102,Gascoyne,5 Year olds,90.19607843137256
WA,51103,Goldfields,5 Year olds,93.17343173431735
WA,51104,Mid West,5 Year olds,91.98855507868383
WA,90101,Christmas Island,5 Year olds,
WA,90102,Cocos (Keeling) Islands,5 Year olds,
NT,70101,Darwin City,1 Year olds,93.85113268608414
NT,70102,Darwin Suburbs,1 Year olds,92.43937232524965
NT,70103,Litchfield,1 Year olds,96.59574468085106
NT,70104,Palmerston,1 Year olds,93.30289193302892
NT,70201,Alice Springs,1 Year olds,89.22495274102079
NT,70202,Barkly,1 Year olds,86.95652173913044
NT,70203,Daly - Tiwi - West Arnhem,1 Year olds,97.6923076923077
NT,70204,East Arnhem,1 Year olds,94.73684210526315
NT,70205,Katherine,1 Year olds,91.19718309859155
NT,70101,Darwin City,2 Year olds,89.29765886287625
NT,70102,Darwin Suburbs,2 Year olds,86.81318681318682
NT,70103,Litchfield,2 Year olds,87.79342723004694
NT,70104,Palmerston,2 Year olds,89.90963855421687
NT,70201,Alice Springs,2 Year olds,88.04347826086956
NT,70202,Barkly,2 Year olds,82.35294117647058
NT,70203,Daly - Tiwi - West Arnhem,2 Year olds,92.6829268292683
NT,70204,East Arnhem,2 Year olds,88.41463414634147
NT,70205,Katherine,2 Year olds,83.89830508474576
NT,70101,Darwin City,5 Year olds,89.96655518394648
NT,70102,Darwin Suburbs,5 Year olds,90.62068965517241
NT,70103,Litchfield,5 Year olds,88.31168831168831
NT,70104,Palmerston,5 Year olds,92.4198250728863
NT,70201,Alice Springs,5 Year olds,91.73387096774194
NT,70202,Barkly,5 Year olds,
NT,70203,Daly - Tiwi - West Arnhem,5 Year olds,
NT,70204,East Arnhem,5 Year olds,90.37037037037037
NT,70205,Katherine,5 Year olds,92.82868525896414
